
--
-- Dumping data for table `tbl_guide_detail_profile`
--

INSERT INTO `tbl_guide_detail_profile` (`guide_detail_id`, `user_id`, `guide_profile_pic`, `guide_Cover_pic`, `nick_name`, `license_Image`, `license_no`, `validity`, `guide_summary`, `guide_experience`, `guide_interest`, `guide_facebook_profile`, `guide_linkedin_profile`, `guide_pinterest_profile`, `guide_skype_address`, `landline_no`, `payment_currency`, `payment_terms`, `Best_time_for_contact`, `Communication_mechanism`, `guide_Remarks`, `status`, `datecreated`) VALUES
(2, 5, 0x2f396a2f34414151536b5a4a5267414241514541534142494141442f34524347525868705a674141545530414b674141414167414241455341414d41414141424141454141414579414149414141415541414149536f647041415141414141424141414958756f63414163414141674d4141414150674141414141633667414141416741414141414141414141414141414141414141414141414141414141414141414141414141414141414141414141414141414141414141414141414141414141414141414141414141414141414141414141414141414141414141414141414141414141414141414141414141414141414141414141414141414141414141414141414141414141414141414141414141414141414141414141414141414141414141414141414141414141414141414141414141414141414141414141414141414141414141414141414141414141414141414141414141414141414141414141414141414141414141414141414141414141414141414141414141414141414141414141414141414141414141414141414141414141414141414141414141414141414141414141414141414141414141414141414141414141414141414141414141414141414141414141414141414141414141414141414141414141414141414141414141414141414141414141414141414141414141414141414141414141414141414141414141414141414141414141414141414141414141414141414141414141414141414141414141414141414141414141414141414141414141414141414141414141414141414141414141414141414141414141414141414141414141414141414141414141414141414141414141414141414141414141414141414141414141414141414141414141414141414141414141414141414141414141414141414141414141414141414141414141414141414141414141414141414141414141414141414141414141414141414141414141414141414141414141414141414141414141414141414141414141414141414141414141414141414141414141414141414141414141414141414141414141414141414141414141414141414141414141414141414141414141414141414141414141414141414141414141414141414141414141414141414141414141414141414141414141414141414141414141414141414141414141414141414141414141414141414141414141414141414141414141414141414141414141414141414141414141414141414141414141414141414141414141414141414141414141414141414141414141414141414141414141414141414141414141414141414141414141414141414141414141414141414141414141414141414141414141414141414141414141414141414141414141414141414141414141414141414141414141414141414141414141414141414141414141414141414141414141414141414141414141414141414141414141414141414141414141414141414141414141414141414141414141414141414141414141414141414141414141414141414141414141414141414141414141414141414141414141414141414141414141414141414141414141414141414141414141414141414141414141414141414141414141414141414141414141414141414141414141414141414141414141414141414141414141414141414141414141414141414141414141414141414141414141414141414141414141414141414141414141414141414141414141414141414141414141414141414141414141414141414141414141414141414141414141414141414141414141414141414141414141414141414141414141414141414141414141414141414141414141414141414141414141414141414141414141414141414141414141414141414141414141414141414141414141414141414141414141414141414141414141414141414141414141414141414141414141414141414141414141414141414141414141414141414141414141414141414141414141414141414141414141414141414141414141414141414141414141414141414141414141414141414141414141414141414141414141414141414141414141414141414141414141414141414141414141414141414141414141414141414141414141414141414141414141414141414141414141414141414141414141414141414141414141414141414141414141414141414141414141414141414141414141414141414141414141414141414141414141414141414141414141414141414141414141414141414141414141414141414141414141414141414141414141414141414141414141414141414141414141414141414141414141414141414141414141414141414141414141414141414141414141414141414141414141414141414141414141414141414141414141414141414141414141414141414141414141414141414141414141414141414141414141414141414141414141414141414141414141414141414141414141414141414141414141414141414141414141414141414141414141414141414141414141414141414141414141414141414141414141414141414141414141414141414141414141414141414141414141414141414141414141414141414141414141414141414141414141414141414141414141414141414141414141414141414141414141414141414141414141414141414141414141414141414141414141414141414141414141414141414141414141414141414141414141414141414141414141414141414141414141414141414141414141414141414141414141414141414141414141414141414141414141414141414141414141414141414141414141414141414141414141414141414141414141414141414141414141414141414141414141414141414141414141414141414141414141414141414141414141414141414141414141414141414141414141414141414141414141414141414141414141414141414141414141414141414141414141414141414141414141414141414141414141414141414141414141414141414141414141414141414141414141414141414141414141414141414141414141414141414141414141414141414141414141414141414141414141414141414141414141414141414141414141414141414141414141414141414141414141414141414141414141414141414141414141414141414141414141414141414141414141414141414141414141414141414141414141414141414141414141414141414141414141414141414141414141414141414141414141414141414141414141414141414141414141414141414141414141414141414141414141414141414141414141414141414141414141414141414141414141414141414141414141414141414141414141414141414141414141414141414141414141414141414141414141414141414141414141414141414141414141414141414141414141414141414141414141414141414141414141414141414141414141414141414141414141414141414141414141414141414141414141414141414141414141414141414141414141414141414141414141414141414141414141414141414141414141414141414141414141414141414141414141414141414141414141414141414141414141414141414141414141414141414141414141414141414141414141414141414141414141414141414141414141414141414141414141414141414141414141414141414141414141414141414141414141414141414141414141414141414141414141414141414141414141414141414141414141414141414141414141414449774d5455364d4455364d6a49674d5459364d5445364d44514141414b6b494141434141414149514141454672714841414841414148336741414348774141414141484f6f414141414941414141414141414141414141414141414141414141414141414141414141414141414141414141414141414141414141414141414141414141414141414141414141414141414141414141414141414141414141414141414141414141414141414141414141414141414141414141414141414141414141414141414141414141414141414141414141414141414141414141414141414141414141414141414141414141414141414141414141414141414141414141414141414141414141414141414141414141414141414141414141414141414141414141414141414141414141414141414141414141414141414141414141414141414141414141414141414141414141414141414141414141414141414141414141414141414141414141414141414141414141414141414141414141414141414141414141414141414141414141414141414141414141414141414141414141414141414141414141414141414141414141414141414141414141414141414141414141414141414141414141414141414141414141414141414141414141414141414141414141414141414141414141414141414141414141414141414141414141414141414141414141414141414141414141414141414141414141414141414141414141414141414141414141414141414141414141414141414141414141414141414141414141414141414141414141414141414141414141414141414141414141414141414141414141414141414141414141414141414141414141414141414141414141414141414141414141414141414141414141414141414141414141414141414141414141414141414141414141414141414141414141414141414141414141414141414141414141414141414141414141414141414141414141414141414141414141414141414141414141414141414141414141414141414141414141414141414141414141414141414141414141414141414141414141414141414141414141414141414141414141414141414141414141414141414141414141414141414141414141414141414141414141414141414141414141414141414141414141414141414141414141414141414141414141414141414141414141414141414141414141414141414141414141414141414141414141414141414141414141414141414141414141414141414141414141414141414141414141414141414141414141414141414141414141414141414141414141414141414141414141414141414141414141414141414141414141414141414141414141414141414141414141414141414141414141414141414141414141414141414141414141414141414141414141414141414141414141414141414141414141414141414141414141414141414141414141414141414141414141414141414141414141414141414141414141414141414141414141414141414141414141414141414141414141414141414141414141414141414141414141414141414141414141414141414141414141414141414141414141414141414141414141414141414141414141414141414141414141414141414141414141414141414141414141414141414141414141414141414141414141414141414141414141414141414141414141414141414141414141414141414141414141414141414141414141414141414141414141414141414141414141414141414141414141414141414141414141414141414141414141414141414141414141414141414141414141414141414141414141414141414141414141414141414141414141414141414141414141414141414141414141414141414141414141414141414141414141414141414141414141414141414141414141414141414141414141414141414141414141414141414141414141414141414141414141414141414141414141414141414141414141414141414141414141414141414141414141414141414141414141414141414141414141414141414141414141414141414141414141414141414141414141414141414141414141414141414141414141414141414141414141414141414141414141414141414141414141414141414141414141414141414141414141414141414141414141414141414141414141414141414141414141414141414141414141414141414141414141414141414141414141414141414141414141414141414141414141414141414141414141414141414141414141414141414141414141414141414141414141414141414141414141414141414141414141414141414141414141414141414141414141414141414141414141414141414141414141414141414141414141414141414141414141414141414141414141414141414141414141414141414141414141414141414141414141414141414141414141414141414141414141414141414141414141414141414141414141414141414141414141414141414141414141414141414141414141414141414141414141414141414141414141414141414141414141414141414141414141414141414141414141414141414141414141414141414141414141414141414141414141414141414141414141414141414141414141414141414141414141414141414141414141414141414141414141414141414141414141414141414141414141414141414141414141414141414141414141414141414141414141414141414141414141414141414141414141414141414141414141414141414141414141414141414141414141414141414141414141414141414141414141414141414141414141414141414141414141414141414141414141414141414141414141414141414141414141414141414141414141414141414141414141414141414141414141414141414141414141414141414141414141414141414141414141414141414141414141414141414141414141414141414141414141414141414141414141414141414141414141414141414141414141414141414141414141414141414141414141414141414141414141414141414141414141414141414141414141414141414141414141414141414141414141414141414141414141414141414141414141414141414141414141414141414141414141414141414141414141414141414141414141414141414141414141414141414141414141414141414141414141414141414141414141414141414141414141414141414141414141414141414141414141414141414141414141414141414141414141414141414141414141414141414141414141414141414141414141414141414141414141414141414141414141414141414141414141414141414141414141414141414141414141414141414141414141414141414141414141414141414141414141414141414141414141414141414141414141414141414141414141414141414141414141414141414141414141414141414141414141414141414141414141414141414141414141414141414141414141414141414141414141414141414141414141414141414141414141414141414141414141414141414141414141414141414141414141414141414141414141414141414141414141444978513049314e304d344f4545334d445133516b493452446b334d55517a516b56474e6a64424f4551304141414141502f734142464564574e7265514142414151414141426b4141442f3454686b6148523063446f764c32357a4c6d466b62324a6c4c6d4e7662533934595841764d5334774c7741385033687759574e725a585167596d566e6157343949752b377679496761575139496c63315454424e63454e6c61476c49656e4a6c5533704f56474e3661324d355a43492f5067304b5048673665473177625756305953423462577875637a703450534a685a4739695a547075637a70745a5852684c7949676544703462584230617a306951575276596d55675745315149454e76636d55674e5334774c574d774e6a41674e6a45754d544d304e7a63334c4341794d4445774c7a41794c7a45794c5445334f6a4d794f6a41774943416749434167494341695067304b435478795a475936556b5247494868746247357a4f6e4a6b5a6a30696148523063446f764c336433647935334d793576636d63764d546b354f5338774d6938794d6931795a47597463336c75644746344c57357a4979492b44516f4a435478795a4759365247567a59334a706348527062323467636d526d4f6d46696233563050534969494868746247357a4f6e687463464a705a326830637a30696148523063446f764c32357a4c6d466b62324a6c4c6d4e7662533934595841764d5334774c334a705a32683063793869494868746247357a4f6d526a50534a6f644852774f6938766348567962433576636d63765a474d765a57786c6257567564484d764d5334784c79496765473173626e4d3653584230597a52346258424462334a6c50534a6f644852774f6938766158423059793576636d63766333526b4c306c7764474d3065473177513239795a5338784c6a417665473173626e4d764969423462577875637a703462584139496d6830644841364c793975637935685a4739695a53356a62323076654746774c7a45754d433869494868746247357a4f6e68746345314e50534a6f644852774f693876626e4d7559575276596d5575593239744c336868634338784c6a4176625730764969423462577875637a707a64464a6c5a6a30696148523063446f764c32357a4c6d466b62324a6c4c6d4e7662533934595841764d5334774c334e556558426c4c314a6c63323931636d4e6c556d566d49794967654731774f6b4e795a57463062334a556232397350534a4e61574e7962334e765a6e516755476876644738675232467362475679655341784e6934304c6a4d314d6a67754d7a4d78496942346258424e5454704a626e4e305957356a5a556c4550534a346258417561576c6b4f6b51314f444d7a4f5464474e4455304e6a4578525445344d30557a516a4134515449314d6b49354d304e44496942346258424e5454704562324e316257567564456c4550534a34625841755a476c6b4f6b51314f444d7a4f5467774e4455304e6a4578525445344d30557a516a4134515449314d6b49354d304e44496a344e43676b4a43547834625842536157646f64484d3656584e685a3256555a584a74637a344e43676b4a43516b38636d526d4f6b46736444344e43676b4a43516b4a50484a6b5a6a70736153423462577736624746755a7a30696543316b5a575a68645778304969382b44516f4a43516b4a504339795a475936515778305067304b43516b4a50433934625842536157646f64484d3656584e685a3256555a584a74637a344e43676b4a4354786b597a70796157646f64484d2b44516f4a43516b4a50484a6b5a6a7042624851765067304b43516b4a5043396b597a70796157646f64484d2b44516f4a43516b385a474d3659334a6c59585276636a344e43676b4a43516b38636d526d4f6c4e6c6353382b44516f4a43516b384c32526a4f6d4e795a5746306233492b44516f4a43516b385a474d3664476c306247552b44516f4a43516b4a50484a6b5a6a70426248512b44516f4a43516b4a435478795a47593662476b67654731734f6d7868626d6339496e67745a47566d595856736443492b6157356d6231397a63484a6c59575266545556445345464f53554e42544638784c54493559547776636d526d4f6d78705067304b43516b4a43547776636d526d4f6b46736444344e43676b4a435477765a474d3664476c306247552b44516f4a43516b3853584230597a52346258424462334a6c4f6b4e795a57463062334a446232353059574e305357356d6279424a6348526a4e48687463454e76636d553651326c425a484a46654852685a4849394969496753584230597a52346258424462334a6c4f6b4e705157527951326c30655430694969424a6348526a4e48687463454e76636d553651326c425a484a535a576470623234394969496753584230597a52346258424462334a6c4f6b4e705157527955474e765a4755394969496753584230597a52346258424462334a6c4f6b4e705157527951335279655430694969424a6348526a4e48687463454e76636d553651326c555a57785862334a725053496949456c7764474d3065473177513239795a5470446155567459576c7356323979617a30694969424a6348526a4e48687463454e76636d553651326c56636d785862334a72505349694c7a344e43676b4a435478346258424e545470455a584a70646d566b526e4a766253427a64464a6c5a6a7070626e4e305957356a5a556c4550534a346258417561576c6b4f6b51314f444d7a4f5464454e4455304e6a4578525445344d30557a516a4134515449314d6b49354d304e444969427a64464a6c5a6a706b62324e316257567564456c4550534a34625841755a476c6b4f6b51314f444d7a4f5464464e4455304e6a4578525445344d30557a516a4134515449314d6b49354d304e444969382b44516f4a43547776636d526d4f6b526c63324e7961584230615739755067304b43516b38636d526d4f6b526c63324e796158423061573975494868746247357a4f6e42795a575a7065444139496b3154535731685a326c755a315978496a343863484a6c5a6d6c344d4470516158426c62476c755a565a6c636e4e706232342b4d4445754d4441384c3342795a575a706544413655476c775a577870626d56575a584a7a61573975506a7877636d566d615867774f6b4e6862575679595531765a4756735355512b50433977636d566d615867774f6b4e6862575679595531765a4756735355512b504842795a575a7065444136553352795a57467456486c775a54347a50433977636d566d615867774f6c4e30636d5668625652356347552b504842795a575a7065444136563268706447564359577868626d4e6c4d4434794c6a51354e7a55324d6a777663484a6c5a6d6c344d44705861476c305a554a686247467559325577506a7877636d566d615867774f6c646f6158526c516d46735957356a5a54452b4d5334774d4441774d4441384c3342795a575a7065444136563268706447564359577868626d4e6c4d54343863484a6c5a6d6c344d44705861476c305a554a686247467559325579506a45754d4455784e6a453250433977636d566d615867774f6c646f6158526c516d46735957356a5a54492b504842795a575a70654441365258687762334e31636d5644623231775a57357a595852706232342b4d4334774d4441774d4441384c3342795a575a70654441365258687762334e31636d5644623231775a57357a595852706232342b504842795a575a70654441365132397564484a686333512b4d4334774d4441774d4441384c3342795a575a70654441365132397564484a686333512b504842795a575a7065444136516e4a705a326830626d567a637a34774c6a41774d4441774d44777663484a6c5a6d6c344d447043636d6c6e614852755a584e7a506a7776636d526d4f6b526c63324e796158423061573975506a7776636d526d4f6c4a45526a344e436a777665447034625842745a5852685067304b49434167494341674943416749434167494341674943416749434167494341674943416749434167494341674943416749434167494341674943416749434167494341674943416749434167494341674943416749434167494341674943416749434167494341674943416749434167494341674943416749434167494341674943416749416f674943416749434167494341674943416749434167494341674943416749434167494341674943416749434167494341674943416749434167494341674943416749434167494341674943416749434167494341674943416749434167494341674943416749434167494341674943416749434167494341674943416749434167494341674369416749434167494341674943416749434167494341674943416749434167494341674943416749434167494341674943416749434167494341674943416749434167494341674943416749434167494341674943416749434167494341674943416749434167494341674943416749434167494341674943416749434167494341674943414b49434167494341674943416749434167494341674943416749434167494341674943416749434167494341674943416749434167494341674943416749434167494341674943416749434167494341674943416749434167494341674943416749434167494341674943416749434167494341674943416749434167494341674943416749416f674943416749434167494341674943416749434167494341674943416749434167494341674943416749434167494341674943416749434167494341674943416749434167494341674943416749434167494341674943416749434167494341674943416749434167494341674943416749434167494341674943416749434167494341674369416749434167494341674943416749434167494341674943416749434167494341674943416749434167494341674943416749434167494341674943416749434167494341674943416749434167494341674943416749434167494341674943416749434167494341674943416749434167494341674943416749434167494341674943414b49434167494341674943416749434167494341674943416749434167494341674943416749434167494341674943416749434167494341674943416749434167494341674943416749434167494341674943416749434167494341674943416749434167494341674943416749434167494341674943416749434167494341674943416749416f674943416749434167494341674943416749434167494341674943416749434167494341674943416749434167494341674943416749434167494341674943416749434167494341674943416749434167494341674943416749434167494341674943416749434167494341674943416749434167494341674943416749434167494341674369416749434167494341674943416749434167494341674943416749434167494341674943416749434167494341674943416749434167494341674943416749434167494341674943416749434167494341674943416749434167494341674943416749434167494341674943416749434167494341674943416749434167494341674943414b49434167494341674943416749434167494341674943416749434167494341674943416749434167494341674943416749434167494341674943416749434167494341674943416749434167494341674943416749434167494341674943416749434167494341674943416749434167494341674943416749434167494341674943416749416f674943416749434167494341674943416749434167494341674943416749434167494341674943416749434167494341674943416749434167494341674943416749434167494341674943416749434167494341674943416749434167494341674943416749434167494341674943416749434167494341674943416749434167494341674369416749434167494341674943416749434167494341674943416749434167494341674943416749434167494341674943416749434167494341674943416749434167494341674943416749434167494341674943416749434167494341674943416749434167494341674943416749434167494341674943416749434167494341674943414b49434167494341674943416749434167494341674943416749434167494341674943416749434167494341674943416749434167494341674943416749434167494341674943416749434167494341674943416749434167494341674943416749434167494341674943416749434167494341674943416749434167494341674943416749416f674943416749434167494341674943416749434167494341674943416749434167494341674943416749434167494341674943416749434167494341674943416749434167494341674943416749434167494341674943416749434167494341674943416749434167494341674943416749434167494341674943416749434167494341674369416749434167494341674943416749434167494341674943416749434167494341674943416749434167494341674943416749434167494341674943416749434167494341674943416749434167494341674943416749434167494341674943416749434167494341674943416749434167494341674943416749434167494341674943414b49434167494341674943416749434167494341674943416749434167494341674943416749434167494341674943416749434167494341674943416749434167494341674943416749434167494341674943416749434167494341674943416749434167494341674943416749434167494341674943416749434167494341674943416749416f674943416749434167494341674943416749434167494341674943416749434167494341674943416749434167494341674943416749434167494341674943416749434167494341674943416749434167494341674943416749434167494341674943416749434167494341674943416749434167494341674943416749434167494341674369416749434167494341674943416749434167494341674943416749434167494341674943416749434167494341674943416749434167494341674943416749434167494341674943416749434167494341674943416749434167494341674943416749434167494341674943416749434167494341674943416749434167494341674943414b49434167494341674943416749434167494341674943416749434167494341674943416749434167494341674943416749434167494341674943416749434167494341674943416749434167494341674943416749434167494341674943416749434167494341674943416749434167494341674943416749434167494341674943416749416f674943416749434167494341674943416749434167494341674943416749434167494341674943416749434167494341674943416749434167494341674943416749434167494341674943416749434167494341674943416749434167494341674943416749434167494341674943416749434167494341674943416749434167494341674369416749434167494341674943416749434167494341674943416749434167494341674943416749434167494341674943416749434167494341674943416749434167494341674943416749434167494341674943416749434167494341674943416749434167494341674943416749434167494341674943416749434167494341674943414b49434167494341674943416749434167494341674943416749434167494341674943416749434167494341674943416749434167494341674943416749434167494341674943416749434167494341674943416749434167494341674943416749434167494341674943416749434167494341674943416749434167494341674943416749416f674943416749434167494341674943416749434167494341674943416749434167494341674943416749434167494341674943416749434167494341674943416749434167494341674943416749434167494341674943416749434167494341674943416749434167494341674943416749434167494341674943416749434167494341674369416749434167494341674943416749434167494341674943416749434167494341674943416749434167494341674943416749434167494341674943416749434167494341674943416749434167494341674943416749434167494341674943416749434167494341674943416749434167494341674943416749434167494341674943414b49434167494341674943416749434167494341674943416749434167494341674943416749434167494341674943416749434167494341674943416749434167494341674943416749434167494341674943416749434167494341674943416749434167494341674943416749434167494341674943416749434167494341674943416749416f674943416749434167494341674943416749434167494341674943416749434167494341674943416749434167494341674943416749434167494341674943416749434167494341674943416749434167494341674943416749434167494341674943416749434167494341674943416749434167494341674943416749434167494341674369416749434167494341674943416749434167494341674943416749434167494341674943416749434167494341674943416749434167494341674943416749434167494341674943416749434167494341674943416749434167494341674943416749434167494341674943416749434167494341674943416749434167494341674943414b49434167494341674943416749434167494341674943416749434167494341674943416749434167494341674943416749434167494341674943416749434167494341674943416749434167494341674943416749434167494341674943416749434167494341674943416749434167494341674943416749434167494341674943416749416f674943416749434167494341674943416749434167494341674943416749434167494341674943416749434167494341674943416749434167494341674943416749434167494341674943416749434167494341674943416749434167494341674943416749434167494341674943416749434167494341674943416749434167494341674369416749434167494341674943416749434167494341674943416749434167494341674943416749434167494341674943416749434167494341674943416749434167494341674943416749434167494341674943416749434167494341674943416749434167494341674943416749434167494341674943416749434167494341674943414b49434167494341674943416749434167494341674943416749434167494341674943416749434167494341674943416749434167494341674943416749434167494341674943416749434167494341674943416749434167494341674943416749434167494341674943416749434167494341674943416749434167494341674943416749416f674943416749434167494341674943416749434167494341674943416749434167494341674943416749434167494341674943416749434167494341674943416749434167494341674943416749434167494341674943416749434167494341674943416749434167494341674943416749434167494341674943416749434167494341674369416749434167494341674943416749434167494341674943416749434167494341674943416749434167494341674943416749434167494341674943416749434167494341674943416749434167494341674943416749434167494341674943416749434167494341674943416749434167494341674943416749434167494341674943414b49434167494341674943416749434167494341674943416749434167494341674943416749434167494341674943416749434167494341674943416749434167494341674943416749434167494341674943416749434167494341674943416749434167494341674943416749434167494341674943416749434167494341674943416749416f674943416749434167494341674943416749434167494341674943416749434167494341674943416749434167494341674943416749434167494341674943416749434167494341674943416749434167494341674943416749434167494341674943416749434167494341674943416749434167494341674943416749434167494341674369416749434167494341674943416749434167494341674943416749434167494341674943416749434167494341674943416749434167494341674943416749434167494341674943416749434167494341674943416749434167494341674943416749434167494341674943416749434167494341674943416749434167494341674943414b49434167494341674943416749434167494341674943416749434167494341674943416749434167494341674943416749434167494341674943416749434167494341674943416749434167494341674943416749434167494341674943416749434167494341674943416749434167494341674943416749434167494341674943416749416f674943416749434167494341674943416749434167494341674943416749434167494341674943416749434167494341674943416749434167494341674943416749434167494341674943416749434167494341674943416749434167494341674943416749434167494341674943416749434167494341674943416749434167494341674369416749434167494341674943416749434167494341674943416749434167494341674943416749434167494341674943416749434167494341674943416749434167494341674943416749434167494341674943416749434167494341674943416749434167494341674943416749434167494341674943416749434167494341674943414b49434167494341674943416749434167494341674943416749434167494341674943416749434167494341674943416749434167494341674943416749434167494341674943416749434167494341674943416749434167494341674943416749434167494341674943416749434167494341674943416749434167494341674943416749416f674943416749434167494341674943416749434167494341674943416749434167494341674943416749434167494341674943416749434167494341674943416749434167494341674943416749434167494341674943416749434167494341674943416749434167494341674943416749434167494341674943416749434167494341674369416749434167494341674943416749434167494341674943416749434167494341674943416749434167494341674943416749434167494341674943416749434167494341674943416749434167494341674943416749434167494341674943416749434167494341674943416749434167494341674943416749434167494341674943414b49434167494341674943416749434167494341674943416749434167494341674943416749434167494341674943416749434167494341674943416749434167494341674943416749434167494341674943416749434167494341674943416749434167494341674943416749434167494341674943416749434167494341674943416749416f674943416749434167494341674943416749434167494341674943416749434167494341674943416749434167494341674943416749434167494341674943416749434167494341674943416749434167494341674943416749434167494341674943416749434167494341674943416749434167494341674943416749434167494341674369416749434167494341674943416749434167494341674943416749434167494341674943416749434167494341674943416749434167494341674943416749434167494341674943416749434167494341674943416749434167494341674943416749434167494341674943416749434167494341674943416749434167494341674943414b49434167494341674943416749434167494341674943416749434167494341674943416749434167494341674943416749434167494341674943416749434167494341674943416749434167494341674943416749434167494341674943416749434167494341674943416749434167494341674943416749434167494341674943416749416f674943416749434167494341674943416749434167494341674943416749434167494341674943416749434167494341674943416749434167494341674943416749434167494341674943416749434167494341674943416749434167494341674943416749434167494341674943416749434167494341674943416749434167494341674369416749434167494341674943416749434167494341674943416749434167494341674943416749434167494341674943416749434167494341674943416749434167494341674943416749434167494341674943416749434167494341674943416749434167494341674943416749434167494341674943416749434167494341674943414b49434167494341674943416749434167494341674943416749434167494341674943416749434167494341674943416749434167494341674943416749434167494341674943416749434167494341674943416749434167494341674943416749434167494341674943416749434167494341674943416749434167494341674943416749416f674943416749434167494341674943416749434167494341674943416749434167494341674943416749434167494341674943416749434167494341674943416749434167494341674943416749434167494341674943416749434167494341674943416749434167494341674943416749434167494341674943416749434167494341674369416749434167494341674943416749434167494341674943416749434167494341674943416749434167494341674943416749434167494341674943416749434167494341674943416749434167494341674943416749434167494341674943416749434167494341674943416749434167494341674943416749434167494341674943414b49434167494341674943416749434167494341674943416749434167494341674943416749434167494341674943416749434167494341674943416749434167494341674943416749434167494341674943416749434167494341674943416749434167494341674943416749434167494341674943416749434167494341674943416749416f674943416749434167494341674943416749434167494341674943416749434167494341674943416749434167494341674943416749434167494341674943416749434167494341674943416749434167494341674943416749434167494341674943416749434167494341674943416749434167494341674943416749434167494341674369416749434167494341674943416749434167494341674943416749434167494341674943416749434167494341674943416749434167494341674943416749434167494341674943416749434167494341674943416749434167494341674943416749434167494341674943416749434167494341674943416749434167494341674943414b49434167494341674943416749434167494341674943416749434167494341674943416749434167494341674943416749434167494341674943416749434167494341674943416749434167494341674943416749434167494341674943416749434167494341674943416749434167494341674943416749434167494341674943416749416f674943416749434167494341674943416749434167494341674943416749434167494341674943416749434167494341674943416749434167494341674943416749434167494341674943416749434167494341674943416749434167494341674943416749434167494341674943416749434167494341674943416749434167494341674369416749434167494341674943416749434167494341674943416749434167494341674943416749434167494341674943416749434167494341674943416749434167494341674943416749434167494341674943416749434167494341674943416749434167494341674943416749434167494341674943416749434167494341674943414b49434167494341674943416749434167494341674943416749434167494341674943416749434167494341674943416749434167494341674943416749434167494341674943416749434167494341674943416749434167494341674943416749434167494341674943416749434167494341674943416749434167494341674943416749416f674943416749434167494341674943416749434167494341674943416749434167494341674943416749434167494341674943416749434167494341674943416749434167494341674943416749434167494341674943416749434167494341674943416749434167494341674943416749434167494341674943416749434167494341674369416749434167494341674943416749434167494341674943416749434167494341674943416749434167494341674943416749434167494341674943416749434167494341674943416749434167494341674943416749434167494341674943416749434167494341674943416749434167494341674943416749434167494341674943414b49434167494341674943416749434167494341674943416749434167494341674943416749434167494341674943416749434167494341674943416749434167494341674943416749434167494341674943416749434167494341674943416749434167494341674943416749434167494341674943416749434167494341674943416749416f674943416749434167494341674943416749434167494341674943416749434167494341674943416749434167494341674943416749434167494341674943416749434167494341674943416749434167494341674943416749434167494341674943416749434167494341674943416749434167494341674943416749434167494341674369416749434167494341674943416749434167494341674943416749434167494341674943416749434167494341674943416749434167494341674943416749434167494341674943416749434167494341674943416749434167494341674943416749434167494341674943416749434167494341674943416749434167494341674943414b49434167494341674943416749434167494341674943416749434167494341674943416749434167494341674943416749434167494341674943416749434167494341674943416749434167494341674943416749434167494341674943416749434167494341674943416749434167494341674943416749434167494341674943416749416f674943416749434167494341674943416749434167494341674943416749434167494341674943416749434167494341674943416749434167494341674943416749434167494341674943416749434167494341674943416749434167494341674943416749434167494341674943416749434167494341674943416749434167494341674369416749434167494341674943416749434167494341674943416749434167494341674943416749434167494341674943416749434167494341674943416749434167494341674943416749434167494341674943416749434167494341674943416749434167494341674943416749434167494341674943416749434167494341674943414b49434167494341674943416749434167494341674943416749434167494341674943416749434167494341674943416749434167494341674943416749434167494341674943416749434167494341674943416749434167494341674943416749434167494341674943416749434167494341674943416749434167494341674943416749416f674943416749434167494341674943416749434167494341674943416749434167494341674943416749434167494341674943416749434167494341674943416749434167494341674943416749434167494341674943416749434167494341674943416749434167494341674943416749434167494341674943416749434167494341674369416749434167494341674943416749434167494341674943416749434167494341674943416749434167494341674943416749434167494341674943416749434167494341674943416749434167494341674943416749434167494341674943416749434167494341674943416749434167494341674943416749434167494341674943414b49434167494341674943416749434167494341674943416749434167494341674943416749434167494341674943416749434167494341674943416749434167494341674943416749434167494341674943416749434167494341674943416749434167494341674943416749434167494341674943416749434167494341674943416749416f674943416749434167494341674943416749434167494341674943416749434167494341674943416749434167494341674943416749434167494341674943416749434167494341674943416749434167494341674943416749434167494341674943416749434167494341674943416749434167494341674943416749434167494341674369416749434167494341674943416749434167494341674943416749434167494341674943416749434167494341674943416749434167494341674943416749434167494341674943416749434167494341674943416749434167494341674943416749434167494341674943416749434167494341674943416749434167494341674943414b49434167494341674943416749434167494341674943416749434167494341674943416749434167494341674943416749434167494341674943416749434167494341674943416749434167494341674943416749434167494341674943416749434167494341674943416749434167494341674943416749434167494341674943416749416f674943416749434167494341674943416749434167494341674943416749434167494341674943416749434167494341674943416749434167494341674943416749434167494341674943416749434167494341674943416749434167494341674943416749434167494341674943416749434167494341674943416749434167494341674369416749434167494341674943416749434167494341674943416749434167494341674943416749434167494341674943416749434167494341674943416749434167494341674943416749434167494341674943416749434167494341674943416749434167494341674943416749434167494341674943416749434167494341674943414b49434167494341674943416749434167494341674943416749434167494341674943416749434167494341674943416749434167494341674943416749434167494341674943416749434167494341674943416749434167494341674943416749434167494341674943416749434167494341674943416749434167494341674943416749416f674943416749434167494341674943416749434167494341674943416749434167494341674943416749434167494341674943416749434167494341674943416749434167494341674943416749434167494341674943416749434167494341674943416749434167494341674943416749434167494341674943416749434167494341674369416749434167494341674943416749434167494341674943416749434167494341674943416749434167494341674943416749434167494341674943416749434167494341674943416749434167494341674943416749434167494341674943416749434167494341674943416749434167494341674943416749434167494341674943414b49434167494341674943416749434167494341674943416749434167494341674943416749434167494341674943416749434167494341674943416749434167494341674943416749434167494341674943416749434167494341674943416749434167494341674943416749434167494341674943416749434167494341674943416749416f674943416749434167494341674943416749434167494341674943416749434167494341674943416749434167494341674943416749434167494341674943416749434167494341674943416749434167494341674943416749434167494341674943416749434167494341674943416749434167494341674943416749434167494341674369416749434167494341674943416749434167494341674943416749434167494341674943416749434167494341674943416749434167494341674943416749434167494341674943416749434167494341674943416749434167494341674943416749434167494341674943416749434167494341674943416749434167494341674943414b49434167494341674943416749434167494341674943416749434167494341674943416749434167494341674943416749434167494341674943416749434167494341674943416749434167494341674943416749434167494341674943416749434167494341674943416749434167494341674943416749434167494341674943416749416f674943416749434167494341674943416749434167494341674943416749434167494341674943416749434167494341674943416749434167494341674943416749434167494341674943416749434167494341674943416749434167494341674943416749434167494341674943416749434167494341674943416749434167494341674369416749434167494341674943416749434167494341674943416749434167494341674943416749434167494341674943416749434167494341674943416749434167494341674943416749434167494341674943416749434167494341674943416749434167494341674943416749434167494341674943416749434167494341674943414b49434167494341674943416749434167494341674943416749434167494341674943416749434167494341674943416749434167494341674943416749434167494341674943416749434167494341674943416749434167494341674943416749434167494341674943416749434167494341674943416749434167494341674943416749416f674943416749434167494341674943416749434167494341674943416749434167494341674943416749434167494341674943416749434167494341674943416749434167494341674943416749434167494341674943416749434167494341674943416749434167494341674943416749434167494341674943416749434167494341674369416749434167494341674943416749434167494341674943416749434167494341674943416749434167494341674943416749434167494341674943416749434167494341674943416749434167494341674943416749434167494341674943416749434167494341674943416749434167494341674943416749434167494341674943414b49434167494341674943416749434167494341674943416749434167494341674943416749434167494341674943416749434167494341674943416749434167494341674943416749434167494341674943416749434167494341674943416749434167494341674943416749434167494341674943416749434167494341674943416749416f674943416749434167494341674943416749434167494341674943416749434167494341674943416749434167494341674943416749434167494341674943416749434167494341674943416749434167494341674943416749434167494341674943416749434167494341674943416749434167494341674943416749434167494341674369416749434167494341674943416749434167494341674943416749434167494341674943416749434167494341674943416749434167494341674943416749434167494341674943416749434167494341674943416749434167494341674943416749434167494341674943416749434167494341674943416749434167494341674943414b49434167494341674943416749434167494341674943416749434167494341674943416749434167494341674943416749434167494341674943416749434167494341674943416749434167494341674943416749434167494341674943416749434167494341674943416749434167494341674943416749434167494341674943416749416f674943416749434167494341674943416749434167494341674943416749434167494341674943416749434167494341674943416749434167494341674943416749434167494341674943416749434167494341674943416749434167494341674943416749434167494341674943416749434167494341674943416749434167494341674369416749434167494341674943416749434167494341674943416749434167494341674943416749434167494341674943416749434167494341674943416749434167494341674943416749434167494341674943416749434167494341674943416749434167494341674943416749434167494341674943416749434167494341674943414b49434167494341674943416749434167494341674943416749434167494341674943416749434167494341674943416749434167494341674943416749434167494341674943416749434167494341674943416749434167494341674943416749434167494341674943416749434167494341674943416749434167494341674943416749416f674943416749434167494341674943416749434167494341674943416749434167494341674943416749434167494341674943416749434167494341674943416749434167494341674943416749434167494341674943416749434167494341674943416749434167494341674943416749434167494341674943416749434167494341674369416749434167494341674943416749434167494341674943416749434167494341674943416749434167494341674943416749434167494341674943416749434167494341674943416749434167494341674943416749434167494341674943416749434167494341674943416749434167494341674943416749434167494341674943414b49434167494341674943416749434167494341674943416749434167494341674943416749434167494341674943416749434167494341674943416749434167494341674943416749434167494341674943416749434167494341674943416749434167494341674943416749434167494341674943416749434167494341674943416749416f674943416749434167494341674943416749434167494341674943416749434167494341674943416749434167494341674943416749434167494341674943416749434167494341674943416749434167494341674943416749434167494341674943416749434167494341674943416749434167494341674943416749434167494341674369416749434167494341674943416749434167494341674943416749434167494341674943416749434167494341674943416749434167494341674943416749434167494341674943416749434167494341674943416749434167494341674943416749434167494341674943416749434167494341674943416749434167494341674943414b49434167494341674943416749434167494341674943416749434167494341674943416749434167494341674943416749434167494341674943416749434167494341674943416749434167494341674943416749434167494341674943416749434167494341674943416749434167494341674943416749434167494341674943416749416f674943416749434167494341674943416749434167494341674943416749434167494341674943416749434167494341674943416749434167494341674943416749434167494341674943416749434167494341674943416749434167494341674943416749434167494341674943416749434167494341674943416749434167494341674369416749434167494341674943416749434167494341674943416749434167494341674943416749434167494341674943416749434167494341674943416749434167494341674943416749434167494341674943416749434167494341674943416749434167494341674943416749434167494341674943416749434167494341674943414b49434167494341674943416749434167494341674943416749434167494341674943416749434167494341674943416749434167494341674943416749434167494341674943416749434167494341674943416749434167494341674943416749434167494341674943416749434167494341674943416749434167494341674943416749416f674943416749434167494341674943416749434167494341674943416749434167494341674943416749434167494341674943416749434167494341674943416749434167494341674943416749434167494341674943416749434167494341674943416749434167494341674943416749434167494341674943416749434167494341674369416749434167494341674943416749434167494341674943416749434167494341674943416749434167494341674943416749434167494341674943416749434167494341674943416749434167494341674943416749434167494341674943416749434167494341674943416749434167494341674943416749434167494341674943414b49434167494341674943416749434167494341674943416749434167494341674943416749434167494341674943416749434167494341674943416749434167494341674943416749434167494341674943416749434167494341674943416749434167494341674943416749434167494341674943416749434167494341674943416749416f674943416749434167494341674943416749434167494341674943416749434167494341674943416749434167494341674943416749434167494341674943416749434167494341674943416749434167494341674943416749434167494341674943416749434167494341674943416749434167494341674943416749434167494341674369416749434167494341674943416749434167494341674943416749434167494341674943416749434167494341674943416749434167494341674943416749434167494341674943416749434167494341674943416749434167494341674943416749434167494341674943416749434167494341674943416749434167494341674943414b49434167494341674943416749434167494341674943416749434167494341674943416749434167494341674943416749434167494341674943416749434167494341674943416749434167494341674943416749434167494341674943416749434167494341674943416749434167494341674943416749434167494341674943416749416f674943416749434167494341674943416749434167494341674943416749434167494341674943416749434167494341674943416749434167494341674943416749434167494341674943416749434167494341674943416749434167494341674943416749434167494341674943416749434167494341674943416749434167494341674369416749434167494341674943416749434167494341674943416749434167494341674943416749434167494341674943416749434167494341674943416749434167494341674943416749434167494341674943416749434167494341674943416749434167494341674943416749434167494341674943416749434167494341674943414b49434167494341674943416749434167494341674943416749434167494341674943416749434167494341674943416749434167494341674943416749434167494341674943416749434167494341674943416749434167494341674943416749434167494341674943416749434167494341674943416749434167494341674943416749416f674943416749434167494341674943416749434167494341674943416749434167494341674943416749434167494341674943416749434167494341674943416749434167494341674943416749434167494341674943416749434167494341674943416749434167494341674943416749434167494341674943416749434167494341674369416749434167494341674943416749434167494341674943416749434167494341674943416749434167494341674943416749434167494341674943416749434167494341674943416749434167494341674943416749434167494341674943416749434167494341674943416749434167494341674943416749434167494341674943414b49434167494341674943416749434167494341674943416749434167494341674943416749434167494341674943416749434167494341674943416749434167494341674943416749434167494341674943416749434167494341674943416749434167494341674943416749434167494341674943416749434167494341674943416749416f674943416749434167494341674943416749434167494341674943416749434167494341674943416749434167494341674943416749434167494341674943416749434167494341674943416749434167494341674943416749434167494341674943416749434167494341674943416749434167494341674943416749434167494341674369416749434167494341674943416749434167494341674943416749434167494341674943416749434167494341674943416749434167494341674943416749434167494341674943416749434167494341674943416749434167494341674943416749434167494341674943416749434167494341674943416749434167494341674943414b49434167494341674943416749434167494341674943416749434167494341674943416749434167494341674943416749434167494341674943416749434167494341674943416749434167494341674943416749434167494341674943416749434167494341674943416749434167494341674943416749434167494341674943416749416f674943416749434167494341674943416749434167494341674943416749434167494341674943416749434167494341674943416749434167494341674943416749434167494341674943416749434167494341674943416749434167494341674943416749434167494341674943416749434167494341674943416749434167494341674369416749434167494341674943416749434167494341674943416749434167494341674943416749434167494341674943416749434167494341674943416749434167494341674943416749434167494341674943416749434167494341674943416749434167494341674943416749434167494341674943416749434167494341674943414b49434167494341674943416749434167494341674943416749434167494341674943416749434167494341674943416749434167494341674943416749434167494341674943416749434167494341674943416749434167494341674943416749434167494341674943416749434167494341674943416749434167494341674943416749416f6749434167494341674943416749434167494341674943416749434167494341674943416749434167494341674943416749434167494341674943416749434167494341674943416749434167494341674943416749434167504439346347466a61325630494756755a44306e6479632f50762f74414568516147393062334e6f623341674d79347741446843535530454241414141414141447877425767414447795648484149414141494141674134516b6c4e42435541414141414142443834522b4a794c664a65433830596a5148574866722f39734151774142415145424151454241514542415145424151454341514542415145434151454241674943416749434167494341774d4541774d4441774d4341674d4541774d4542415145424149444251554542415545424151452f3973415177454241514542415145434151454342414d4341775145424151454241514542415145424151454241514542415145424151454241514542415145424151454241514542415145424151454241514542415145424151452f3841414551674167414341417745694141495241514d5241662f454142384141414546415145424151454241414141414141414141414241674d454251594843416b4b432f2f45414c55514141494241774d4342414d4642515145414141426651454341774145455155534954464242684e525951636963525179675a476843434e4373634556557448774a444e69636f494a4368595847426b614a53596e4b436b714e4455324e7a67354f6b4e4552555a4853456c4b55315256566c64595756706a5a47566d5a326870616e4e3064585a3365486c3667345346686f6549695971536b3553566c7065596d5a71696f36536c7071656f716171797337533174726534756272437738544678736649796372533039545631746659326472683475506b3565626e364f6e7138664c7a39505832392f6a352b762f454142384241414d42415145424151454241514541414141414141414241674d454251594843416b4b432f2f45414c555241414942416751454177514842515145414145436477414241674d52424155684d5159535156454859584554496a4b42434252436b61477877516b6a4d314c7746574a7930516f574a4454684a66455847426b614a69636f4b536f314e6a63344f547044524556475230684a536c4e5556565a5857466c615932526c5a6d646f6157707a6448563264336835656f4b44684957476834694a69704b546c4a57576c35695a6d714b6a704b576d7036697071724b7a744c57327437693575734c44784d584778386a4a79744c54314e585731396a5a32754c6a354f586d352b6a7036764c7a39505832392f6a352b762f61414177444151414345514d52414438412f47674a76394d447236314b6f326a482f7743756c364432464b4d6e4f4165506176384151672f6d38513534774f39534b756565754f324b636f474277443630344448542b56556c3341546236466839446a464b426a314f546e6d6c6f397a774d5a365a716b6d2f51412f7a365564656e4e424b714330684352782f4e497a6b4a743664633950787237332f4147612f2b435a33375a483755397659613138506668506536423446767944443853506962632f384948344d75563647537a615a446333712b396c424d7638417441444e63324e7a4441355a522b735a68576a5470723755704b4b2f48642b527451772b49785654325748673553374a58506773495430494939656355344141594f3038396a6d7636695068542f776271614e4862323131386376326c3956764c7371736c7a6f6e776a38477736645a786e417a477571616b386b6a34352b66374b6e514846666c422f7756412f5a762b42503749587879306234412f4233773338577865615a3452732f466e695434672f452f784c4671747034302f744e6430455769576b466e62784332746472527a584f356d61343879504559694a6b2b63797a6a72687a4f737a2f73724b717271564c4f5461693478535737764c6c767130766454753373656e6973687a4c425954363569344b4d62706270765879583632507a5a3439636e763666353630445063632b315371674334497a7a6a4a3550302f44302b6c50786a6f4d666858313932316f654d52624739716b417832782b4f61576968583667482b656c464646556b32426a344a4764702f4b70417034776344484f4f744f7764336f423739615847436651316c4657314158474f67782b4646482b656c4c6738652f515977542f774457712b56587541415a2f4c50307263384f2b4864643857362f6f66685477746f392f7743496645336966574c665150446d673654626d373154573736386d5743317462654d636d53535352465848723141357249436a754f2b635972397366384167677a384a644a2b494837616d71654f7461744962324c344a6643792b3859364e484d6975734772616c63322b69575677716e2b4f4747383146314f506c6261773541727973397a574f535a50694d326e472f736f755358642f5a587a6c5a485a6c2b456c6a3862547763644f6553586f75722b5350312f2f774343667638417752712b452f37504f6d61443854763269394c304834762f4142366c535056493945314746645a2b475877736d2b57526265787333486c616865776e68372b34566f316b4238694b50416c6239753867414b76524545534447416971754655447342307836666c54515267415a34484250422f4c74532f6858385a5a786e6d615a2f6a486a3831724f6333742f4c46646f783269764a6572313150322f413566684d756f4c4434534b556678666d3331596f4f4f3362742f6e2b64664d5037566e374950774f2f62482b486b766744347a654746766d736f355a76422f6a62536c6a732f4850772f764a56322f61394b76697032686a743879326b445738367269534d34444c394f306f39652f593978584468635669634469495976423148437042336a4b4c73306446616a5378464b564374473858756e7366353758376133374750784f2f59682b4d452f77783865797736396f657357736d7666446a34673662617662614e343730767a504c383559324c655264514e74697572566d5978534d6d47654f534a322b51674f4d354a7a334a7a58396f762f4264763454615434372f596131483467765a524e346a2b43486a2f41456678586f2b6f6555445062326571336b6568367462373862764c6c5339745a47516e47367a69505651522f4630446e357637337a6533502b65746631397744784a55346f34666a6a63587058684a776e625a7457393564755a4e4e725a4f39744e4438583468797547555a6936464c2b484c336f2b536654354e433055663578556971434f63672f6c58327431396b38427a3652493655416e6f4b6d775072376e6b30754d64426a384b726c6b31714e4b5574626d5053396635306c50434876782b7561795353314c45434e7877507836314e774f6e2f7742656a504e4136386b445041394b5943344c6344363963562f51782f7762725845636678392f615474572f7742624e3846744b75453767724472364b2f367a522f705838394979703666352f7258372f66384739336833786f66326b76693934777476432b747a2b41502b464e7a2b456459385a70703868384f5747724e71326b58396a707374313977584d734d4e784973575332794d7467444250785869476f79344d7a434d6e6233562f3656462f6f65357732327337773774663376305a2f5852324148487150362f6a5355756367594f3464694f522f6e4f6153763438522b32494b584a2f584e4a536a48664f50616744387a762b4378467a48626638453466326c544c393234307251624f503841363653654b644443312f43684375595974784f646734485376376d662b43792f6876787034722f344a3866474452664133686a5876466d706a58504475736178702f683754354e5476724452394e316144557455314353464d743546744661655a4b34423249705938437634615969706a516f6371554242427a6e2f414436562f54486772474c3466784876612b326c702f3237542f795079766a7063325a55377237432f4f51344b42372f414670314c673541786a507278526a672f5847612f5a31706f66456330593649536c77667a375a7156546b6654696c775051666c54743149636d7a475559397a31397854682b58746a675565314b4678383348586b4876584f335932454162424f334a39683171594146526b446a74317853676e754d557634444858707a535863424432347a6a6e2f503841396576366b2f38416733553862696277622b314a384d5a5a465a744c38562b486669445a786b34637071466e66615663746a754e326d32677a2f74416438562f4c5a67456a49427836697630342f344a48667447612f3841732f384137616e77793079323147307376424878793165312b44767847743736425a495a7266554a7336564e4849542b366c673148374752495038416c6e4c4f7047484a487950487556564d343453786d447066784f56546a2f32354a5366337869307655396e682f475277576334657650346238722f3765584c2b6254503771736b386e5031336273306c4b636a6767686c4f47556e6c542b65522b4e4a5838617033567a397676634b58386366587653553566383536476d4238702f74302b5044384d76324e50326f2f484b534a4863364c38447645454e6937394463616859546158624c39544c65786a485776383879776a38757a676a50506c703561353577712f4b76387635312f576638413848416637526e694c774838477668682b7a7034587672573054343733313972507844684e754a7451756443304762545a724f33696b3677725071456b624f3638794c59736d5143316679635171556a5665754f4d396a362f7258394f2b444f5756634a6b46544d4b6e2f4c2b62612f77783931582f3765552f6c366e3550787a69343173776a686f2f59577671396679355355383952536e6b63676365314a53642f703272396a506878656e515555444f6655656c4835356f41787750346d786a4f4d4370674f4f56413734363041416763446a32365536755a58766336416f6f6f71315a61736c7955647772523072557453305055394d317a5237715854395a3054556266576447766f53524e5a5864724d6c7862544c67673553534e4747505371537079436533616e6e484f665441392f62696e7933316c715272666e37482b682f774473662f744d2b4676327566326666682f386266444530533347763659756d2b4e4e484278503458385257617878617a70387139676b2f774138544468345a6f584833712b6d794d666a5834772f3845472f446b756a2f734948574a314b6a786838622f453273775a3533523279365a7061734f334c57456e543072396e69667a722b49654a38426873733469786d5834502b465471536a483054322b57337950337a4b61395845356252784662347052693339776c444d714937753678786f706b6b6b64396b55537172466d593967426b376a774f394655645530386176706571615178777572365a633655787a676758454c776e332f35616461384e577637327836457232305034507638416771522b31547058375866375966693778683450767a716677763841683770734877752b47313441556731697a30325765573831534e57364a665831786554526b6a4a6857416b5a72382f563663456b5a366e71663036397677715737307158524e5331665262684753353054574c72527268484255724a6158456c75342b6f614e75507255662b547858393035486c324779764b714f4277663841446846526a364a666d393335732f6e334d4d5456786d4d71596974385464776f48464c672b682f4b7046417879446b48504972316a69493848305035564b6e41364548504f5254714b414d6638426a7230356f6f6f724a616173336273726855797277506c357a396161677a67347a6b344148587655736179537a51323855636b397864544c426132384562545846773748617363614c6c6d596e6f716a6437554a36387a4d31724b37452f50333434466470384f50424f702f456a34692b415068336f3045747a71336a7a78787058677654344946337a5353366e6657396d75315144303837646e7038707a58364c667378663845662f414e7366396f7736647265712b45592f675438504c304c4e2f77414a6e3858726562534e55756f472f7743576d6e2b483148396f546b6a6c544d747645654435754f76394a3337482f77447753582f5a662f5a493154512f4863646e717678632b4d3268737431596645727832566a68384f334f316b6162513947695032617a664473466d667a3577474f4a6c7a5877484533695477356b4e4b70517031766134717a74476e373170644f6158777831335773763770394c6c6e444f5a356a556a4b634f536a6656793075744e6c752f4a3274356e3335384b506842384f50674e3443305034566643587776703367377746345745305769364470636b3031724530387a33467a4f5a4a5a486b6553656153575a3548596c6d6c506176524b5534774d416764426e6e4e4a58386a3161745776566c57725363707964334a753762653762657262503261454930344b6e425769744567707973797372717a49794e76566c4f47556a6f5639783178546155482f5051316d556678592f3846722f414e6d337750384173392f7456654739572b476e67327838462b43766a523441667874505a61555a6870552f694744564c324c58706f78493762486d4d316a4f3861465542754d716968712f494a463448793450754f612f305066326b2f325466674a2b31763453737642337832384332336975303061536135384d613361337332682b4b2f423978635272485063615871454a456b4c4f4934393062655a444a3553655a473455437635762f7742702f774434494a2f4754774f64513853667376654e624834792b473033334d66674c7865397434522b4a316f6e4c434f33756a74302b2f5944675a6131646a6a456248722f4145747742346b354e504b38506b2b6431335478454679383954345a4c3750377a6f37623839747432666c48456643324f6a6a4b6d4e774e506d7079317448346c33393372722f4c632f415842795233485564534b43434f6f7273506944384f50694a384a2f45747a344e2b4b586766785a384f6646646d2b32343044786e6f6c783465314c6737533861536f6f6b516e2f6c70467552756f6246635975376e494f63397a38332f414f757632696e4f4657437130706330587331716e3933547a506835526e43664a50535333543061485555644f4b4b6f6d364d6630375a5057742f777834593854654e7645476a6545764276682f5766465069727844664c70656765485044326d54617472657333456e33496265336a5575374872774f4d46695142574576414a50542b4939682f6e2f4776374e662b434c2f374576686a34462f732f654776326950464f6851584878752b4f32684c346774645876725a587638417750345875766d30765462466d47595876595248653355692f4e494c6d47496e62455133782f4750464f473455796e2b3061306565704a38744f47334e4c66582b366c712f75366f39764a63707135336a66713848797857736e32582b622f344f79507a6c2f5a632f77434342507850385a32326d654b66327166486358776b30613452626e2f685750675532336966346a54787468764c763952637470396935794e79524c654d76665933542b676a396e5839672f38415a522f5a586974702f673938482f44756d654a6f5952484a38516645692f3841435966455737342b5a6a713130476c68334835696c72354d66594a6a4e66586e486364527a6a7432705366595a365a786734722b58632b3435346c3469636f5937454e55582f79376837735053792b4c2f7435795031764c754838727931526c683664352f774130745a66354c354a41574c4d5766637a4d63376e4f346e3965662f723068494a34482b4e4766725356386965315a42525252514d4b4b4b4b423259666e6e326f4876794d5978326f6f6f465a6e6e6678502b456677742b4e586875587768385866683534502b4a58686d56436e396b654d4e4367316d47324a2f6a746d6b426b676b2f3661774d6a6a7147466668392b306e2f77514e2b446e69354c2f41462f396d50782f712f7767313979303848676278744c5034302b485679337a4e35554e372f7945724e546e414c4e654b765a414f6e3941744f42774f2b66302f77416d76657958696a502b485a382b5534715549373874377766724356342f4f312f513837485a526c2b5a5135635a535576505a723061732f305038384c397044396b37343966736d654b34664348787a3841366834586b76326b2f774345633854576b793678344a385952786e44533658713066376d6248566f6e387561504b69534a54312b6332363976773666353759722f526f2b5048774a2b476637536e7774385566423734733642427276672f78545a74473765557261746f46327174396c3158545a73626f4c79315a684a484b763933593235475a572f77412b7634352f4350784c38412f6a4c3854766770347663532b4966686a34797650436439654c4759346455534274317066527232533674704c6535556633626764362f7033772f7743506f635959657068635854565047556b6e4a522b476358707a525475315a365369323758566d372b372b533853384f504a4b73617446755643573139302b7a372b54395630752f49394e30396455314854744861654f316a3158554c66544a4c6d61525949625a62695a49476b6b6b5043716f6b4c466d494337636e6a4e663649666837396f5038415a59384a65487441384b36622b304e3841376654504447685766687654595976692f3464574b4b33302b31697334565846336a415346656e46663532524751654b7274703969353350625735596a7367475062702b746448477642454f4d5934654658455370716c7a6252543575626c3774626376346b354a6e72794c326a68545575666c36322b472f38416d66364e6e2f445566374d762f52786e77472f38504234642f77446b796a2f68715038415a6c2f364f4d2b41332f68345044762f414d6d562f6e4a44544e50505330672f37352f2b7451644d7346352b7978413967714b5366307234502f69422b47662f414448792f774441462f6d66514c6a36726133316466384167582f41503947332f687150396d582f414b4f4d2b41332f4149654477372f386d5566384e522f73792f384152786e77472f384144776548662f6b79763835596162592f382b73492f774332613076396d32502f414436776e2f746d4b503841694347462f77436736582f67432f7a442f5836722f774241362f38414176384167482b6a522f7731482b7a4c2f774248476641622f7741504234642f2b544b502b476f2f325a662b6a6a50674e2f34654477372f41504a6c66357a5130717749422b7951632b69344e48396c3665446a374a462b436271613844384d2f77446d4f6c2f34417638414d467837572f35384c2f774a2f7743522f6f792f384e522f73792f3948476641622f77384868332f414f544b556674526673796e702b305a384275502b71776548663841354d722f41446d76374d302f2f6e30692f77432f564f476c5748613068503841327a42702f77444544734c6533312b582f67432f7a462f723957582f414444722f774143662b522f6f782f384e512f737a66384152786677482f384144776548762f6b756a2f687148396d622f6f347634442f2b48673850662f4a6466357a33396c32582f5070462f77422b682f68522f5a6c694f7470442b4d59702f77444544634c317838762f4141426635692f34694455576a77362f38432f34422f6f772f7744445550374d332f52786677482f415044776548762f414a4c70522b31442b7a4f656e37526677482f384f2f34652f77446b757638414f65476d324a2f356449502b2f644f476c574f656257446a306a36302f7744694275466532506c2f344176387878342f7153576d48582f67582f415039462f2f414961672f5a6e35482f445250774950722f786544773850792f3075763544662b4330632f7741504e612f6267763841787a384e50462f672f774161364c385150684c34663162566456384665493748784c70635770574b336d6b7a527a54577373694c4e354e6a5a73565a7432316b4a4144437679562f737977786a374c43505439324469706f624f33674f596f6c546b6e616f326f636a3048705830334350686c44684c4e316d314446796e37726934754b5361664b2b3737486b357a78533833776631537052556455373362315879502f32513d3d, NULL, 'Anki', '', 'AB12345', '2020-12-31', NULL, '20 year experiance', NULL, 'ankitbhagat.a', 'ankitbhagat', 'ankit_bhagat', 'ankitbhagat.ab', '012198876554321', NULL, 'Still No Terms', '12:00 PM - 04:00 PM', 'Email', 'best of all', 1, '2015-09-05');
INSERT INTO `tbl_guide_detail_profile` (`guide_detail_id`, `user_id`, `guide_profile_pic`, `guide_Cover_pic`, `nick_name`, `license_Image`, `license_no`, `validity`, `guide_summary`, `guide_experience`, `guide_interest`, `guide_facebook_profile`, `guide_linkedin_profile`, `guide_pinterest_profile`, `guide_skype_address`, `landline_no`, `payment_currency`, `payment_terms`, `Best_time_for_contact`, `Communication_mechanism`, `guide_Remarks`, `status`, `datecreated`) VALUES
(3, 6, NULL, NULL, 'anki', '', 'AB12345', '2020-12-31', NULL, '-', NULL, 'ankitbhagat.a', 'ankitbhagat', 'ankit_bhagat', 'ankitbhagat.ab', '012198876554321', NULL, 'No', '12:00 PM - 04:00 PM', 'Email', '-', 1, '2015-09-03'),
(5, 17, NULL, NULL, 'kalu', '', 'Gf55635', '2020-12-09', NULL, 'abc444', NULL, 'Nill', 'abc@fb.com', 'abc@lin.com', 'abcd@pin@in', '', NULL, 'Mobile', '08:00 AM - 12:00 PM', 'Mobile', '2 Years', 1, '2015-09-05');

-- --------------------------------------------------------

--
-- Dumping data for table `tbl_referrals`
--

INSERT INTO `tbl_referrals` (`referral_id`, `referrer_id`, `referral_name`, `referral_email`, `referral_phone`, `referral_status`, `datecreated`) VALUES
(8, 5, 'ankit bhagat', 'ankitbhagat.ab@gmail.com', '8532859600', 1, '2015-09-03'),
(9, 5, 'vaibhav kumar', 'vaibhav@waltrump.com', '9333333333', 1, '2015-09-03'),
(10, 5, 'ankit', 'ankit@waltrump.com', '9666666666', 1, '2015-09-03'),
(11, 6, 'ankit bhagat', 'ankitbhagat.ab@gmail.com', '8532859600', 1, '2015-09-03'),
(12, 6, 'vaibhav kumar', 'vaibhav@waltrump.com', '9333333333', 1, '2015-09-03'),
(13, 6, 'ankit', 'ankit@waltrump.com', '9666666666', 1, '2015-09-03');

-- --------------------------------------------------------

--
-- Dumping data for table `tbl_tours`
--

INSERT INTO `tbl_tours` (`tour_id`, `user_id`, `tour_category_id`, `tour_title`, `tour_location`, `tour_description`, `tour_duration`, `tour_price`, `start_point`, `end_point`, `inclusive`, `exclusive`, `cancelation_policy`, `restrictions`, `notes`, `status`, `datecreated`, `created_added`) VALUES
(3, 5, 1, 'Delhi To Agra Tour', 'Delhi', 'very intresting tour, everyone must visit', '2 Days', '1200', 'Kashmeri Gate, Delhi', 'Kashmeri Gate, Delhi', 'Breakfast and Dinner', 'All Exclusive except Breakfast and Dinner', 'Once paid payment will not refund', 'no', 'visit and tell us about the facilities', 1, '2015-09-05', 0),
(4, 6, 2, 'Agra to Delhi Tour', 'Agra', 'Best Tour, You must join', '5 Days', '1000 Rs', 'Agra Fort, Agra', 'Agra Fort, Agra', '3 Times Meal', 'Shoping', 'no', 'no', 'no', 1, '2015-09-03', 0),
(5, 6, 1, 'Delhi to Mumbai', 'Delhi', 'Must Go', '10 Days', '2500 Rs', 'IGI Airport, Delhi', 'IGI Airport, Delhi', 'Transport, 3 Time Meals', 'Shoping, Drink', 'no', 'no', 'no', 1, '2015-09-03', 0),
(11, 6, 1, 'Delhi To Jaipur', 'Delhi', 'best of all', '5 Days', '1500 Rs', 'Kashmeri Gate, Delhi', 'Kashmeri Gate, Delhi', 'all', 'nothing', 'no ', 'no', 'no', 1, '2015-09-05', 0),
(12, 5, 1, 'Delhi to Mumbai', 'Delhi', 'Must Go', '15 Days', '2500 Rs', 'IGI Airport, Delhi', 'IGI Airport, Delhi', 'Transport, 3 Time Meals', 'Shoping, Drink', 'no', 'no', 'no', 1, '2015-09-05', 5);

-- --------------------------------------------------------

--
-- Dumping data for table `tbl_tour_category`
--

INSERT INTO `tbl_tour_category` (`tour_category_id`, `user_id`, `tour_category_title`, `status`, `datecreated`) VALUES
(1, 4, 'General Tour', 1, '2015-08-20'),
(2, 4, 'Bussiness Tour', 1, '2015-08-20'),
(3, 4, 'Adventure Tour', 1, '2015-08-20'),
(4, 4, 'Relegious Tour', 1, '2015-08-20'),
(5, 4, 'Custom Tour', 1, '2015-08-20');

-- --------------------------------------------------------

--
-- Dumping data for table `tbl_user_profile`
--

INSERT INTO `tbl_user_profile` (`user_id`, `user_type_id`, `user_password`, `f_name`, `l_name`, `email`, `mobileNo`, `gender`, `d_o_b`, `street_address`, `city`, `state`, `country`, `status`, `datecreated`) VALUES
(5, 1, 'ankit123', 'Ankit', 'Bhagat', 'ankitbhagat.ab@gmail.com', '8532859600', 'Male', '1987-06-28', 'Phool Bagh Colony', 'Delhi', '', 'India', 1, '2015-09-05'),
(6, 1, 'ankit123', 'anki', '', 'ankit@waltrump.com', '9027955447', 'Male', '1987-06-28', 'Phool Bagh Colony', 'Meerut', 'Uttar Pradesh', 'India', 1, '2015-09-03'),
(17, 1, 'rupesh', 'Rupesh', 'Kumar', 'rup@gm.com', '8812586314', 'Male', '1970-02-13', '5/51', 'Delhi', 'Delhi', 'India', 1, '2015-09-05');

-- --------------------------------------------------------

--
-- Dumping data for table `tbl_user_type`
--

INSERT INTO `tbl_user_type` (`user_type_id`, `user_type_name`, `status`, `datecreated`) VALUES
(1, 'GUIDE', 1, '2015-07-27'),
(2, 'Agent', 1, '2015-08-19'),
(3, 'Touriest', 1, '2015-08-19'),
(4, 'Admin', 1, '2015-08-19');